patient_id,date,symptoms,has_fever,zip_code,facility,classification
Patient/1005,2025-05-24,['Cough'],False,Unknown,Facility-F,['Negative']
Patient/1008,2025-05-25,['Cough'],False,Unknown,Facility-C,['Negative']
Patient/1012,2025-05-25,['Cough'],False,Unknown,Facility-D,['Negative']
Patient/1014,2025-05-25,['Cough'],False,Unknown,Facility-A,['Negative']
Patient/1024,2025-05-28,['Fever'],True,Unknown,Facility-F,['Negative']
Patient/1026,2025-05-29,['Cough'],False,Unknown,Facility-A,['Negative']
Patient/1029,2025-05-29,['Cough'],False,Unknown,Facility-D,['Negative']
Patient/1032,2025-05-30,['Fever'],True,Unknown,Facility-A,['Negative']
Patient/1034,2025-05-30,['Cough'],False,Unknown,Facility-F,['Negative']
Patient/1038,2025-05-31,['Fever'],True,Unknown,Facility-D,['Negative']
Patient/1045,2025-06-01,['Cough'],False,Unknown,Facility-D,['Negative']
Patient/1048,2025-06-02,['Fever'],True,Unknown,Facility-B,['Negative']
Patient/1051,2025-06-02,['Cough'],False,Unknown,Facility-D,['Negative']
Patient/1057,2025-06-04,['Cough'],False,Unknown,Facility-D,['Negative']
Patient/1059,2025-06-05,['Fever'],True,Unknown,Facility-B,['Negative']
Patient/1062,2025-06-05,['Cough'],False,Unknown,Facility-D,['Negative']
Patient/1070,2025-06-07,['Fever'],True,Unknown,Facility-C,['Negative']
Patient/1072,2025-06-08,['Fever'],True,Unknown,Facility-F,['Negative']
Patient/1074,2025-06-08,['Fever'],True,Unknown,Facility-F,['Negative']
Patient/1077,2025-06-09,['Fever'],True,Unknown,Facility-A,['Negative']
Patient/1079,2025-06-10,['Cough'],False,Unknown,Facility-F,['Negative']
Patient/1081,2025-06-10,['Fever'],True,Unknown,Facility-E,['Negative']
Patient/1084,2025-06-11,['Fever'],True,Unknown,Facility-A,['Negative']
Patient/1086,2025-06-11,['Fever'],True,Unknown,Facility-F,['Negative']
Patient/1088,2025-06-12,"['Fever', 'Cough']",True,Unknown,Facility-F,['COVID-like']
Patient/1092,2025-06-12,['Cough'],False,Unknown,Facility-D,['Negative']
Patient/1094,2025-06-13,['Cough'],False,Unknown,Facility-C,['Negative']
Patient/1096,2025-06-13,['Cough'],False,Unknown,Facility-D,['Negative']
Patient/1099,2025-06-13,['Fever'],True,Unknown,Facility-F,['Negative']
Patient/1101,2025-06-13,"['Fever', 'Cough']",True,Unknown,Facility-F,['COVID-like']
Patient/1106,2025-06-14,['Cough'],False,Unknown,Facility-F,['Negative']
Patient/1112,2025-06-15,['Cough'],False,Unknown,Facility-A,['Negative']
Patient/1114,2025-06-16,['Cough'],False,Unknown,Facility-E,['Negative']
Patient/1116,2025-06-16,['Cough'],False,Unknown,Facility-D,['Negative']
Patient/1118,2025-06-16,['Cough'],False,Unknown,Facility-F,['Negative']
Patient/1122,2025-06-17,['Fever'],True,Unknown,Facility-A,['Negative']
Patient/1125,2025-06-17,['Cough'],False,Unknown,Facility-B,['Negative']
Patient/1128,2025-06-18,['Cough'],False,Unknown,Facility-D,['Negative']
Patient/1130,2025-06-18,"['Fever', 'Cough']",True,Unknown,Facility-E,['COVID-like']
Patient/1136,2025-06-19,['Cough'],False,Unknown,Facility-D,['Negative']
Patient/1138,2025-06-19,['Cough'],False,Unknown,Facility-C,['Negative']
Patient/1142,2025-06-20,"['Fever', 'Cough']",True,Unknown,Facility-F,['COVID-like']
Patient/1146,2025-06-20,['Cough'],False,Unknown,Facility-C,['Negative']
Patient/1148,2025-06-20,['Fever'],True,Unknown,Facility-D,['Negative']
Patient/1150,2025-06-20,['Fever'],True,Unknown,Facility-F,['Negative']
Patient/1153,2025-06-21,['Fever'],True,Unknown,Facility-C,['Negative']
Patient/1155,2025-06-21,['Cough'],False,Unknown,Facility-E,['Negative']
Patient/1157,2025-06-21,['Fever'],True,Unknown,Facility-F,['Negative']
Patient/1160,2025-06-22,['Cough'],False,Unknown,Facility-A,['Negative']
Patient/1163,2025-06-22,['Cough'],False,Unknown,Facility-A,['Negative']
Patient/1171,2025-06-24,['Fever'],True,Unknown,Facility-B,['Negative']
Patient/1173,2025-06-24,['Cough'],False,Unknown,Facility-C,['Negative']
Patient/1175,2025-06-24,['Fever'],True,Unknown,Facility-F,['Negative']
Patient/1179,2025-06-25,['Cough'],False,Unknown,Facility-E,['Negative']
Patient/1183,2025-06-26,"['Fever', 'Cough']",True,Unknown,Facility-C,['COVID-like']
Patient/1187,2025-06-26,['Cough'],False,Unknown,Facility-B,['Negative']
Patient/1191,2025-06-27,['Cough'],False,Unknown,Facility-C,['Negative']
Patient/1195,2025-06-29,['Cough'],False,Unknown,Facility-C,['Negative']
Patient/1198,2025-06-29,['Fever'],True,Unknown,Facility-C,['Negative']
Patient/1201,2025-06-29,['Fever'],True,Unknown,Facility-E,['Negative']
Patient/1215,2025-07-04,"['Fever', 'Cough']",True,Unknown,Facility-D,['COVID-like']
Patient/1220,2025-07-04,['Cough'],False,Unknown,Facility-B,['Negative']
Patient/1222,2025-07-04,"['Fever', 'Cough']",True,Unknown,Facility-C,['COVID-like']
Patient/1227,2025-07-05,['Cough'],False,Unknown,Facility-D,['Negative']
Patient/1233,2025-07-06,['Cough'],False,Unknown,Facility-A,['Negative']
Patient/1242,2025-07-08,['Cough'],False,Unknown,Facility-F,['Negative']
Patient/1244,2025-07-08,"['Fever', 'Cough']",True,Unknown,Facility-A,['COVID-like']
Patient/1252,2025-07-09,['Fever'],True,Unknown,Facility-F,['Negative']
Patient/1255,2025-07-10,['Cough'],False,Unknown,Facility-D,['Negative']
Patient/1259,2025-07-10,['Cough'],False,Unknown,Facility-F,['Negative']
Patient/1261,2025-07-10,['Cough'],False,Unknown,Facility-E,['Negative']
Patient/1264,2025-07-11,['Cough'],False,Unknown,Facility-F,['Negative']
Patient/1266,2025-07-11,['Cough'],False,Unknown,Facility-D,['Negative']
Patient/1268,2025-07-11,['Fever'],True,Unknown,Facility-E,['Negative']
Patient/1270,2025-07-11,['Fever'],True,Unknown,Facility-B,['Negative']
Patient/1274,2025-07-12,['Cough'],False,Unknown,Facility-A,['Negative']
Patient/1278,2025-07-13,['Cough'],False,Unknown,Facility-E,['Negative']
Patient/1280,2025-07-13,['Fever'],True,Unknown,Facility-A,['Negative']
Patient/1282,2025-07-13,['Cough'],False,Unknown,Facility-F,['Negative']
Patient/1288,2025-07-15,['Cough'],False,Unknown,Facility-B,['Negative']
Patient/1290,2025-07-15,['Cough'],False,Unknown,Facility-C,['Negative']
Patient/1294,2025-07-16,['Cough'],False,Unknown,Facility-C,['Negative']
Patient/1296,2025-07-17,['Fever'],True,Unknown,Facility-A,['Negative']
Patient/1299,2025-07-17,['Cough'],False,Unknown,Facility-E,['Negative']
Patient/1301,2025-07-18,['Cough'],False,Unknown,Facility-A,['Negative']
Patient/1306,2025-07-19,['Cough'],False,Unknown,Facility-F,['Negative']
Patient/1311,2025-07-20,['Fever'],True,Unknown,Facility-C,['Negative']
Patient/1313,2025-07-20,['Cough'],False,Unknown,Facility-B,['Negative']
Patient/1315,2025-07-20,['Cough'],False,Unknown,Facility-E,['Negative']
Patient/1317,2025-07-21,['Fever'],True,Unknown,Facility-F,['Negative']
Patient/1320,2025-07-21,['Fever'],True,Unknown,Facility-F,['Negative']
Patient/1331,2025-07-24,['Fever'],True,Unknown,Facility-B,['Negative']
Patient/1334,2025-07-25,['Fever'],True,Unknown,Facility-D,['Negative']
Patient/1337,2025-07-26,"['Fever', 'Cough']",True,Unknown,Facility-F,['COVID-like']
Patient/1345,2025-07-27,"['Fever', 'Cough']",True,Unknown,Facility-F,['COVID-like']
Patient/1350,2025-07-28,"['Fever', 'Cough']",True,Unknown,Facility-E,['COVID-like']
Patient/1358,2025-07-29,['Cough'],False,Unknown,Facility-F,['Negative']
Patient/1360,2025-07-29,['Cough'],False,Unknown,Facility-C,['Negative']
Patient/1362,2025-07-29,['Fever'],True,Unknown,Facility-A,['Negative']
Patient/1365,2025-07-30,['Fever'],True,Unknown,Facility-D,['Negative']
Patient/1367,2025-07-30,['Cough'],False,Unknown,Facility-D,['Negative']
Patient/1370,2025-07-30,['Cough'],False,Unknown,Facility-C,['Negative']
Patient/1372,2025-07-30,['Fever'],True,Unknown,Facility-F,['Negative']
Patient/1374,2025-07-31,['Cough'],False,Unknown,Facility-B,['Negative']
Patient/1376,2025-07-31,['Fever'],True,Unknown,Facility-E,['Negative']
Patient/1378,2025-07-31,['Fever'],True,Unknown,Facility-E,['Negative']
Patient/1380,2025-08-01,['Cough'],False,Unknown,Facility-C,['Negative']
Patient/1382,2025-08-01,['Fever'],True,Unknown,Facility-D,['Negative']
Patient/1391,2025-08-04,"['Fever', 'Cough']",True,Unknown,Facility-A,['COVID-like']
Patient/1396,2025-08-04,['Cough'],False,Unknown,Facility-E,['Negative']
Patient/1398,2025-08-04,['Fever'],True,Unknown,Facility-C,['Negative']
Patient/1400,2025-08-05,"['Fever', 'Cough']",True,Unknown,Facility-E,['COVID-like']
Patient/1407,2025-08-06,['Fever'],True,Unknown,Facility-F,['Negative']
Patient/1413,2025-08-07,['Cough'],False,Unknown,Facility-E,['Negative']
Patient/1418,2025-08-09,['Cough'],False,Unknown,Facility-D,['Negative']
Patient/1427,2025-08-11,['Cough'],False,Unknown,Facility-B,['Negative']
Patient/1430,2025-08-12,['Cough'],False,Unknown,Facility-C,['Negative']
Patient/1432,2025-08-12,"['Fever', 'Cough']",True,Unknown,Facility-A,['COVID-like']
Patient/1436,2025-08-13,['Cough'],False,Unknown,Facility-A,['Negative']
Patient/1440,2025-08-14,['Cough'],False,Unknown,Facility-A,['Negative']
Patient/1443,2025-08-15,['Fever'],True,Unknown,Facility-F,['Negative']
Patient/1445,2025-08-16,['Cough'],False,Unknown,Facility-E,['Negative']
Patient/1449,2025-08-17,['Cough'],False,Unknown,Facility-C,['Negative']
Patient/1451,2025-08-17,['Cough'],False,Unknown,Facility-D,['Negative']
Patient/1453,2025-08-18,['Fever'],True,Unknown,Facility-D,['Negative']
Patient/1459,2025-08-19,['Fever'],True,Unknown,Facility-F,['Negative']
Patient/1461,2025-08-20,['Fever'],True,Unknown,Facility-F,['Negative']
Patient/1465,2025-08-21,['Cough'],False,Unknown,Facility-F,['Negative']
Patient/1467,2025-08-22,['Cough'],False,Unknown,Facility-F,['Negative']
Patient/1469,2025-08-22,"['Fever', 'Cough']",True,Unknown,Facility-B,['COVID-like']
Patient/1473,2025-08-22,['Cough'],False,Unknown,Facility-E,['Negative']
Patient/1475,2025-08-22,['Cough'],False,Unknown,Facility-C,['Negative']
Patient/1477,2025-08-22,['Cough'],False,Unknown,Facility-E,['Negative']
Patient/1481,2025-08-23,['Fever'],True,Unknown,Facility-A,['Negative']
Patient/1483,2025-08-23,['Cough'],False,Unknown,Facility-F,['Negative']
Patient/1486,2025-08-24,['Cough'],False,Unknown,Facility-F,['Negative']
Patient/1490,2025-08-25,['Cough'],False,Unknown,Facility-C,['Negative']
Patient/1492,2025-08-26,['Fever'],True,Unknown,Facility-B,['Negative']
Patient/1498,2025-08-27,['Cough'],False,Unknown,Facility-E,['Negative']
Patient/1502,2025-08-28,['Cough'],False,Unknown,Facility-E,['Negative']
Patient/1504,2025-08-28,['Fever'],True,Unknown,Facility-A,['Negative']
Patient/1507,2025-08-29,"['Fever', 'Cough']",True,Unknown,Facility-A,['COVID-like']
Patient/1511,2025-08-29,['Cough'],False,Unknown,Facility-B,['Negative']
Patient/1515,2025-08-31,['Cough'],False,Unknown,Facility-E,['Negative']
Patient/1517,2025-08-31,['Cough'],False,Unknown,Facility-A,['Negative']
Patient/1521,2025-09-01,['Cough'],False,Unknown,Facility-A,['Negative']
Patient/1525,2025-09-01,['Fever'],True,Unknown,Facility-F,['Negative']
Patient/1537,2025-09-04,['Fever'],True,Unknown,Facility-E,['Negative']
Patient/1539,2025-09-04,"['Fever', 'Cough']",True,Unknown,Facility-A,['COVID-like']
Patient/1543,2025-09-05,['Cough'],False,Unknown,Facility-D,['Negative']
Patient/1545,2025-09-05,['Fever'],True,Unknown,Facility-D,['Negative']
Patient/1548,2025-09-05,['Cough'],False,Unknown,Facility-B,['Negative']
Patient/1550,2025-09-06,"['Fever', 'Cough']",True,Unknown,Facility-D,['COVID-like']
Patient/1554,2025-09-06,['Cough'],False,Unknown,Facility-C,['Negative']
Patient/1558,2025-09-07,"['Fever', 'Cough']",True,Unknown,Facility-B,['COVID-like']
Patient/1563,2025-09-08,['Cough'],False,Unknown,Facility-E,['Negative']
Patient/1567,2025-09-09,['Cough'],False,Unknown,Facility-F,['Negative']
Patient/1572,2025-09-10,['Fever'],True,Unknown,Facility-D,['Negative']
Patient/1574,2025-09-10,['Cough'],False,Unknown,Facility-E,['Negative']
Patient/1580,2025-09-11,['Cough'],False,Unknown,Facility-F,['Negative']
Patient/1582,2025-09-12,['Cough'],False,Unknown,Facility-C,['Negative']
Patient/1585,2025-09-12,['Cough'],False,Unknown,Facility-E,['Negative']
Patient/1588,2025-09-13,['Fever'],True,Unknown,Facility-D,['Negative']
Patient/1591,2025-09-13,"['Fever', 'Cough']",True,Unknown,Facility-B,['COVID-like']
Patient/1595,2025-09-13,"['Fever', 'Cough']",True,Unknown,Facility-F,['COVID-like']
Patient/1599,2025-09-13,['Fever'],True,Unknown,Facility-D,['Negative']
Patient/1604,2025-09-15,['Cough'],False,Unknown,Facility-A,['Negative']
Patient/1608,2025-09-15,['Cough'],False,Unknown,Facility-B,['Negative']
Patient/1610,2025-09-16,['Fever'],True,Unknown,Facility-D,['Negative']
Patient/1612,2025-09-16,['Cough'],False,Unknown,Facility-D,['Negative']
Patient/1615,2025-09-17,['Cough'],False,Unknown,Facility-D,['Negative']
Patient/1618,2025-09-18,['Cough'],False,Unknown,Facility-A,['Negative']
Patient/1624,2025-09-19,"['Fever', 'Cough']",True,Unknown,Facility-A,['COVID-like']
Patient/1629,2025-09-19,['Cough'],False,Unknown,Facility-A,['Negative']
Patient/1631,2025-09-20,['Cough'],False,Unknown,Facility-D,['Negative']
Patient/1633,2025-09-20,['Cough'],False,Unknown,Facility-A,['Negative']
Patient/1636,2025-09-21,"['Fever', 'Cough']",True,Unknown,Facility-D,['COVID-like']
Patient/1640,2025-09-21,['Cough'],False,Unknown,Facility-E,['Negative']
Patient/1646,2025-09-22,"['Fever', 'Cough']",True,Unknown,Facility-D,['COVID-like']
Patient/1650,2025-09-22,['Cough'],False,Unknown,Facility-D,['Negative']
Patient/1653,2025-09-23,['Cough'],False,Unknown,Facility-B,['Negative']
Patient/1655,2025-09-23,['Cough'],False,Unknown,Facility-C,['Negative']
Patient/1658,2025-09-24,['Fever'],True,Unknown,Facility-B,['Negative']
Patient/1660,2025-09-24,['Cough'],False,Unknown,Facility-B,['Negative']
Patient/1662,2025-09-24,['Cough'],False,Unknown,Facility-F,['Negative']
Patient/1667,2025-09-26,['Cough'],False,Unknown,Facility-E,['Negative']
Patient/1671,2025-09-26,['Fever'],True,Unknown,Facility-C,['Negative']
Patient/1676,2025-09-27,['Fever'],True,Unknown,Facility-F,['Negative']
Patient/1680,2025-09-28,['Cough'],False,Unknown,Facility-A,['Negative']
Patient/1683,2025-09-29,"['Fever', 'Cough']",True,Unknown,Facility-E,['COVID-like']
Patient/1689,2025-09-30,['Cough'],False,Unknown,Facility-E,['Negative']
Patient/1694,2025-10-01,['Fever'],True,Unknown,Facility-E,['Negative']
Patient/1703,2025-10-03,['Cough'],False,Unknown,Facility-B,['Negative']
Patient/1706,2025-10-04,['Fever'],True,Unknown,Facility-F,['Negative']
Patient/1708,2025-10-04,['Fever'],True,Unknown,Facility-B,['Negative']
Patient/1710,2025-10-04,['Cough'],False,Unknown,Facility-D,['Negative']
Patient/1715,2025-10-05,['Cough'],False,Unknown,Facility-E,['Negative']
Patient/1717,2025-10-05,['Cough'],False,Unknown,Facility-D,['Negative']
Patient/1719,2025-10-06,['Cough'],False,Unknown,Facility-B,['Negative']
Patient/1729,2025-10-08,['Fever'],True,Unknown,Facility-B,['Negative']
Patient/1731,2025-10-08,['Fever'],True,Unknown,Facility-A,['Negative']
Patient/1734,2025-10-09,['Cough'],False,Unknown,Facility-E,['Negative']
Patient/1736,2025-10-09,['Fever'],True,Unknown,Facility-E,['Negative']
Patient/1740,2025-10-10,['Cough'],False,Unknown,Facility-C,['Negative']
Patient/1742,2025-10-10,['Fever'],True,Unknown,Facility-A,['Negative']
Patient/1744,2025-10-10,['Cough'],False,Unknown,Facility-F,['Negative']
Patient/1746,2025-10-10,['Cough'],False,Unknown,Facility-D,['Negative']
Patient/1749,2025-10-11,['Cough'],False,Unknown,Facility-A,['Negative']
Patient/1754,2025-10-12,['Fever'],True,Unknown,Facility-C,['Negative']
Patient/1756,2025-10-12,['Cough'],False,Unknown,Facility-D,['Negative']
Patient/1758,2025-10-13,['Fever'],True,Unknown,Facility-C,['Negative']
Patient/1761,2025-10-14,['Fever'],True,Unknown,Facility-B,['Negative']
Patient/1765,2025-10-15,['Cough'],False,Unknown,Facility-E,['Negative']
Patient/1769,2025-10-16,['Cough'],False,Unknown,Facility-D,['Negative']
Patient/1771,2025-10-16,['Cough'],False,Unknown,Facility-A,['Negative']
Patient/1774,2025-10-16,['Cough'],False,Unknown,Facility-C,['Negative']
Patient/1780,2025-10-18,['Fever'],True,Unknown,Facility-A,['Negative']
Patient/1783,2025-10-19,['Cough'],False,Unknown,Facility-F,['Negative']
Patient/1785,2025-10-19,['Cough'],False,Unknown,Facility-F,['Negative']
Patient/1788,2025-10-19,['Cough'],False,Unknown,Facility-E,['Negative']
Patient/1793,2025-10-20,['Cough'],False,Unknown,Facility-A,['Negative']
Patient/1797,2025-10-21,['Fever'],True,Unknown,Facility-D,['Negative']
Patient/1800,2025-10-21,['Fever'],True,Unknown,Facility-D,['Negative']
Patient/1802,2025-10-22,['Fever'],True,Unknown,Facility-C,['Negative']
Patient/1814,2025-10-25,"['Fever', 'Cough']",True,Unknown,Facility-A,['COVID-like']
Patient/1822,2025-10-27,['Cough'],False,Unknown,Facility-B,['Negative']
Patient/1825,2025-10-27,['Cough'],False,Unknown,Facility-F,['Negative']
Patient/1828,2025-10-28,"['Fever', 'Cough']",True,Unknown,Facility-B,['COVID-like']
Patient/1834,2025-10-29,['Cough'],False,Unknown,Facility-F,['Negative']
Patient/1838,2025-10-30,['Cough'],False,Unknown,Facility-D,['Negative']
Patient/1840,2025-10-31,['Fever'],True,Unknown,Facility-C,['Negative']
Patient/1842,2025-10-31,['Fever'],True,Unknown,Facility-A,['Negative']
Patient/1844,2025-10-31,['Cough'],False,Unknown,Facility-F,['Negative']
Patient/1852,2025-11-02,['Cough'],False,Unknown,Facility-E,['Negative']
Patient/1856,2025-11-03,['Cough'],False,Unknown,Facility-B,['Negative']
Patient/1860,2025-11-04,"['Fever', 'Cough']",True,Unknown,Facility-F,['COVID-like']
Patient/1865,2025-11-04,['Cough'],False,Unknown,Facility-A,['Negative']
Patient/1867,2025-11-04,['Cough'],False,Unknown,Facility-F,['Negative']
Patient/1871,2025-11-05,['Fever'],True,Unknown,Facility-E,['Negative']
Patient/1876,2025-11-06,['Cough'],False,Unknown,Facility-C,['Negative']
Patient/1879,2025-11-06,['Cough'],False,Unknown,Facility-C,['Negative']
Patient/1882,2025-11-07,['Cough'],False,Unknown,Facility-F,['Negative']
Patient/1884,2025-11-08,['Fever'],True,Unknown,Facility-F,['Negative']
Patient/1886,2025-11-08,['Cough'],False,Unknown,Facility-C,['Negative']
Patient/1894,2025-11-10,"['Fever', 'Cough']",True,Unknown,Facility-D,['COVID-like']
Patient/1899,2025-11-11,['Fever'],True,Unknown,Facility-D,['Negative']
Patient/1902,2025-11-11,['Fever'],True,Unknown,Facility-A,['Negative']
Patient/1905,2025-11-12,['Fever'],True,Unknown,Facility-F,['Negative']
Patient/1907,2025-11-12,['Cough'],False,Unknown,Facility-C,['Negative']
Patient/1910,2025-11-13,['Fever'],True,Unknown,Facility-F,['Negative']
Patient/1912,2025-11-13,['Cough'],False,Unknown,Facility-A,['Negative']
Patient/1914,2025-11-14,"['Fever', 'Cough']",True,Unknown,Facility-A,['COVID-like']
Patient/1920,2025-11-15,"['Fever', 'Cough']",True,Unknown,Facility-B,['COVID-like']
Patient/1924,2025-11-16,['Cough'],False,Unknown,Facility-F,['Negative']
Patient/1927,2025-11-17,['Cough'],False,Unknown,Facility-C,['Negative']
Patient/1929,2025-11-17,['Cough'],False,Unknown,Facility-F,['Negative']
Patient/1931,2025-11-17,['Cough'],False,Unknown,Facility-F,['Negative']
Patient/1933,2025-11-17,['Fever'],True,Unknown,Facility-F,['Negative']
Patient/1939,2025-11-19,['Cough'],False,Unknown,Facility-D,['Negative']
Patient/1942,2025-11-19,['Cough'],False,Unknown,Facility-D,['Negative']
Patient/1946,2025-11-20,['Fever'],True,Unknown,Facility-E,['Negative']
Patient/1948,2025-11-20,"['Fever', 'Cough']",True,Unknown,Facility-F,['COVID-like']
Patient/1954,2025-11-22,['Fever'],True,Unknown,Facility-D,['Negative']
Patient/1956,2025-11-22,"['Fever', 'Cough']",True,Unknown,Facility-D,['COVID-like']
Patient/1963,2025-11-23,['Cough'],False,Unknown,Facility-D,['Negative']
Patient/1965,2025-11-24,['Cough'],False,Unknown,Facility-E,['Negative']
Patient/1970,2025-11-25,['Fever'],True,Unknown,Facility-A,['Negative']
Patient/1973,2025-11-25,['Cough'],False,Unknown,Facility-E,['Negative']
Patient/1978,2025-11-26,['Fever'],True,Unknown,Facility-B,['Negative']
Patient/1980,2025-11-27,['Cough'],False,Unknown,Facility-E,['Negative']
Patient/1989,2025-11-30,['Cough'],False,Unknown,Facility-E,['Negative']
Patient/1992,2025-11-30,['Cough'],False,Unknown,Facility-E,['Negative']
Patient/1995,2025-11-30,['Cough'],False,Unknown,Facility-E,['Negative']
Patient/1999,2025-12-01,['Cough'],False,Unknown,Facility-B,['Negative']
Patient/2001,2025-12-02,['Cough'],False,Unknown,Facility-D,['Negative']
Patient/2006,2025-12-03,['Cough'],False,Unknown,Facility-A,['Negative']
Patient/2008,2025-12-03,['Cough'],False,Unknown,Facility-D,['Negative']
Patient/2013,2025-12-04,['Cough'],False,Unknown,Facility-F,['Negative']
Patient/2016,2025-12-05,['Cough'],False,Unknown,Facility-D,['Negative']
Patient/2018,2025-12-06,['Cough'],False,Unknown,Facility-D,['Negative']
Patient/2031,2025-12-09,['Fever'],True,Unknown,Facility-F,['Negative']
Patient/2036,2025-12-10,['Cough'],False,Unknown,Facility-C,['Negative']
Patient/2038,2025-12-10,['Fever'],True,Unknown,Facility-E,['Negative']
Patient/2040,2025-12-10,['Cough'],False,Unknown,Facility-C,['Negative']
Patient/2043,2025-12-11,['Cough'],False,Unknown,Facility-C,['Negative']
Patient/2046,2025-12-12,['Cough'],False,Unknown,Facility-D,['Negative']
Patient/2049,2025-12-12,['Cough'],False,Unknown,Facility-A,['Negative']
Patient/2052,2025-12-13,['Fever'],True,Unknown,Facility-A,['Negative']
Patient/2054,2025-12-13,['Fever'],True,Unknown,Facility-F,['Negative']
Patient/2057,2025-12-14,"['Fever', 'Cough']",True,Unknown,Facility-D,['COVID-like']
Patient/2063,2025-12-15,['Fever'],True,Unknown,Facility-F,['Negative']
Patient/2066,2025-12-16,"['Fever', 'Cough']",True,Unknown,Facility-D,['COVID-like']
Patient/2070,2025-12-16,['Fever'],True,Unknown,Facility-C,['Negative']
Patient/2073,2025-12-16,"['Fever', 'Cough']",True,Unknown,Facility-B,['COVID-like']
Patient/2077,2025-12-17,['Fever'],True,Unknown,Facility-C,['Negative']
Patient/2080,2025-12-17,['Cough'],False,Unknown,Facility-E,['Negative']
Patient/2085,2025-12-18,['Cough'],False,Unknown,Facility-B,['Negative']
Patient/2087,2025-12-18,['Fever'],True,Unknown,Facility-F,['Negative']
Patient/2098,2025-12-22,['Cough'],False,Unknown,Facility-C,['Negative']
Patient/2109,2025-12-24,['Cough'],False,Unknown,Facility-A,['Negative']
Patient/2114,2025-12-25,['Fever'],True,Unknown,Facility-C,['Negative']
Patient/2122,2025-12-27,"['Fever', 'Cough']",True,Unknown,Facility-F,['COVID-like']
Patient/2127,2025-12-27,['Fever'],True,Unknown,Facility-D,['Negative']
Patient/2130,2025-12-28,['Cough'],False,Unknown,Facility-F,['Negative']
Patient/2132,2025-12-28,['Fever'],True,Unknown,Facility-F,['Negative']
Patient/2135,2025-12-28,['Cough'],False,Unknown,Facility-C,['Negative']
Patient/2140,2025-12-30,"['Fever', 'Cough']",True,Unknown,Facility-B,['COVID-like']
Patient/2147,2025-12-31,['Cough'],False,Unknown,Facility-E,['Negative']
Patient/2150,2025-12-31,['Fever'],True,Unknown,Facility-B,['Negative']
Patient/2156,2026-01-02,['Cough'],False,Unknown,Facility-E,['Negative']
Patient/2158,2026-01-02,['Cough'],False,Unknown,Facility-C,['Negative']
Patient/2163,2026-01-03,['Fever'],True,Unknown,Facility-F,['Negative']
Patient/2167,2026-01-04,['Cough'],False,Unknown,Facility-B,['Negative']
Patient/2175,2026-01-07,['Fever'],True,Unknown,Facility-D,['Negative']
Patient/2178,2026-01-08,['Cough'],False,Unknown,Facility-B,['Negative']
Patient/2182,2026-01-09,['Cough'],False,Unknown,Facility-D,['Negative']
Patient/2186,2026-01-09,['Cough'],False,Unknown,Facility-A,['Negative']
Patient/2191,2026-01-11,"['Fever', 'Cough']",True,Unknown,Facility-E,['COVID-like']
Patient/2195,2026-01-11,['Fever'],True,Unknown,Facility-A,['Negative']
Patient/2201,2026-01-13,['Cough'],False,Unknown,Facility-C,['Negative']
Patient/2203,2026-01-13,"['Fever', 'Cough']",True,Unknown,Facility-E,['COVID-like']
Patient/2208,2026-01-14,"['Fever', 'Cough']",True,Unknown,Facility-C,['COVID-like']
Patient/2212,2026-01-15,['Fever'],True,Unknown,Facility-B,['Negative']
Patient/2215,2026-01-15,['Cough'],False,Unknown,Facility-D,['Negative']
Patient/2218,2026-01-15,['Cough'],False,Unknown,Facility-F,['Negative']
Patient/2224,2026-01-16,['Fever'],True,Unknown,Facility-C,['Negative']
Patient/2228,2026-01-18,['Cough'],False,Unknown,Facility-A,['Negative']
Patient/2231,2026-01-18,['Cough'],False,Unknown,Facility-B,['Negative']
Patient/2233,2026-01-18,['Fever'],True,Unknown,Facility-D,['Negative']
Patient/2235,2026-01-18,['Cough'],False,Unknown,Facility-F,['Negative']
Patient/2237,2026-01-19,['Cough'],False,Unknown,Facility-F,['Negative']
Patient/2240,2026-01-19,['Cough'],False,Unknown,Facility-C,['Negative']
Patient/2243,2026-01-20,['Cough'],False,Unknown,Facility-D,['Negative']
Patient/2250,2026-01-22,['Cough'],False,Unknown,Facility-B,['Negative']
Patient/2252,2026-01-23,['Cough'],False,Unknown,Facility-E,['Negative']
Patient/2255,2026-01-23,['Fever'],True,Unknown,Facility-A,['Negative']
Patient/2258,2026-01-23,['Cough'],False,Unknown,Facility-A,['Negative']
Patient/2260,2026-01-24,['Cough'],False,Unknown,Facility-F,['Negative']
Patient/2265,2026-01-25,['Cough'],False,Unknown,Facility-D,['Negative']
Patient/2268,2026-01-25,['Fever'],True,Unknown,Facility-D,['Negative']
Patient/2270,2026-01-25,['Fever'],True,Unknown,Facility-E,['Negative']
Patient/2272,2026-01-26,['Fever'],True,Unknown,Facility-A,['Negative']
Patient/2276,2026-01-27,['Cough'],False,Unknown,Facility-F,['Negative']
Patient/2279,2026-01-28,['Fever'],True,Unknown,Facility-E,['Negative']
Patient/2283,2026-01-28,['Cough'],False,Unknown,Facility-E,['Negative']
Patient/2287,2026-01-29,['Cough'],False,Unknown,Facility-E,['Negative']
Patient/2292,2026-01-30,['Cough'],False,Unknown,Facility-D,['Negative']
Patient/2294,2026-01-31,['Cough'],False,Unknown,Facility-C,['Negative']
Patient/2298,2026-01-31,"['Fever', 'Cough']",True,Unknown,Facility-C,['COVID-like']
Patient/2304,2026-02-01,['Fever'],True,Unknown,Facility-B,['Negative']
Patient/2306,2026-02-01,['Fever'],True,Unknown,Facility-B,['Negative']
Patient/2308,2026-02-01,['Cough'],False,Unknown,Facility-A,['Negative']
Patient/2310,2026-02-01,"['Fever', 'Cough']",True,Unknown,Facility-F,['COVID-like']
Patient/2314,2026-02-02,['Cough'],False,Unknown,Facility-C,['Negative']
Patient/2316,2026-02-02,['Fever'],True,Unknown,Facility-A,['Negative']
Patient/2319,2026-02-03,['Fever'],True,Unknown,Facility-A,['Negative']
Patient/2322,2026-02-04,['Fever'],True,Unknown,Facility-F,['Negative']
Patient/2324,2026-02-04,['Fever'],True,Unknown,Facility-B,['Negative']
Patient/2327,2026-02-04,['Cough'],False,Unknown,Facility-A,['Negative']
Patient/2330,2026-02-05,['Fever'],True,Unknown,Facility-D,['Negative']
Patient/2332,2026-02-05,['Cough'],False,Unknown,Facility-D,['Negative']
Patient/2334,2026-02-05,['Cough'],False,Unknown,Facility-E,['Negative']
Patient/2336,2026-02-05,['Cough'],False,Unknown,Facility-D,['Negative']
Patient/2338,2026-02-05,['Cough'],False,Unknown,Facility-C,['Negative']
Patient/2347,2026-02-07,"['Fever', 'Cough']",True,Unknown,Facility-D,['COVID-like']
Patient/2354,2026-02-08,['Fever'],True,Unknown,Facility-F,['Negative']
Patient/2356,2026-02-08,['Cough'],False,Unknown,Facility-D,['Negative']
Patient/2358,2026-02-08,"['Fever', 'Cough']",True,Unknown,Facility-E,['COVID-like']
Patient/2362,2026-02-09,['Cough'],False,Unknown,Facility-B,['Negative']
Patient/2364,2026-02-09,['Cough'],False,Unknown,Facility-D,['Negative']
Patient/2368,2026-02-10,['Cough'],False,Unknown,Facility-A,['Negative']
Patient/2370,2026-02-10,['Cough'],False,Unknown,Facility-A,['Negative']
Patient/2372,2026-02-10,['Cough'],False,Unknown,Facility-C,['Negative']
Patient/2374,2026-02-11,['Fever'],True,Unknown,Facility-E,['Negative']
Patient/2376,2026-02-11,"['Fever', 'Cough']",True,Unknown,Facility-C,['COVID-like']
Patient/2381,2026-02-11,['Cough'],False,Unknown,Facility-B,['Negative']
Patient/2383,2026-02-11,['Cough'],False,Unknown,Facility-F,['Negative']
Patient/2385,2026-02-12,['Fever'],True,Unknown,Facility-F,['Negative']
Patient/2387,2026-02-12,['Cough'],False,Unknown,Facility-C,['Negative']
Patient/2391,2026-02-13,['Cough'],False,Unknown,Facility-E,['Negative']
Patient/2393,2026-02-13,['Cough'],False,Unknown,Facility-B,['Negative']
Patient/2395,2026-02-14,['Fever'],True,Unknown,Facility-A,['Negative']
Patient/2397,2026-02-14,['Fever'],True,Unknown,Facility-F,['Negative']
Patient/2399,2026-02-14,['Cough'],False,Unknown,Facility-C,['Negative']
Patient/2405,2026-02-16,['Cough'],False,Unknown,Facility-D,['Negative']
Patient/2407,2026-02-16,['Cough'],False,Unknown,Facility-E,['Negative']
Patient/2412,2026-02-17,['Cough'],False,Unknown,Facility-D,['Negative']
Patient/2415,2026-02-17,['Fever'],True,Unknown,Facility-D,['Negative']
Patient/2418,2026-02-17,['Fever'],True,Unknown,Facility-A,['Negative']
Patient/2421,2026-02-18,['Fever'],True,Unknown,Facility-D,['Negative']
Patient/2423,2026-02-19,['Cough'],False,Unknown,Facility-D,['Negative']
Patient/2426,2026-02-19,['Fever'],True,Unknown,Facility-C,['Negative']
Patient/2429,2026-02-20,['Fever'],True,Unknown,Facility-A,['Negative']
Patient/2435,2026-02-22,['Cough'],False,Unknown,Facility-F,['Negative']
Patient/2440,2026-02-23,['Cough'],False,Unknown,Facility-A,['Negative']
Patient/2442,2026-02-23,"['Fever', 'Cough']",True,Unknown,Facility-C,['COVID-like']
Patient/2449,2026-02-24,['Cough'],False,Unknown,Facility-E,['Negative']
Patient/2451,2026-02-24,['Cough'],False,Unknown,Facility-C,['Negative']
Patient/2457,2026-02-26,['Cough'],False,Unknown,Facility-F,['Negative']
Patient/2459,2026-02-26,['Fever'],True,Unknown,Facility-F,['Negative']
Patient/2464,2026-02-27,['Cough'],False,Unknown,Facility-C,['Negative']
Patient/2466,2026-02-28,['Fever'],True,Unknown,Facility-F,['Negative']
Patient/2470,2026-02-28,['Cough'],False,Unknown,Facility-B,['Negative']
Patient/2472,2026-03-01,['Fever'],True,Unknown,Facility-B,['Negative']
Patient/2481,2026-03-04,['Cough'],False,Unknown,Facility-C,['Negative']
Patient/2484,2026-03-04,['Fever'],True,Unknown,Facility-F,['Negative']
Patient/2486,2026-03-05,['Cough'],False,Unknown,Facility-E,['Negative']
Patient/2492,2026-03-06,['Cough'],False,Unknown,Facility-F,['Negative']
Patient/2494,2026-03-06,['Fever'],True,Unknown,Facility-E,['Negative']
Patient/2498,2026-03-07,['Cough'],False,Unknown,Facility-E,['Negative']
Patient/2501,2026-03-07,['Fever'],True,Unknown,Facility-B,['Negative']
Patient/2504,2026-03-08,['Cough'],False,Unknown,Facility-F,['Negative']
Patient/2508,2026-03-08,['Cough'],False,Unknown,Facility-A,['Negative']
Patient/2511,2026-03-09,['Cough'],False,Unknown,Facility-E,['Negative']
Patient/2513,2026-03-09,['Cough'],False,Unknown,Facility-D,['Negative']
Patient/2515,2026-03-10,['Cough'],False,Unknown,Facility-D,['Negative']
Patient/2517,2026-03-10,['Fever'],True,Unknown,Facility-A,['Negative']
Patient/2520,2026-03-11,['Cough'],False,Unknown,Facility-A,['Negative']
Patient/2522,2026-03-11,['Cough'],False,Unknown,Facility-A,['Negative']
Patient/2524,2026-03-11,['Cough'],False,Unknown,Facility-F,['Negative']
Patient/2526,2026-03-11,"['Fever', 'Cough']",True,Unknown,Facility-D,['COVID-like']
Patient/2532,2026-03-12,['Cough'],False,Unknown,Facility-F,['Negative']
Patient/2541,2026-03-14,['Cough'],False,Unknown,Facility-B,['Negative']
Patient/2543,2026-03-15,['Cough'],False,Unknown,Facility-C,['Negative']
Patient/2545,2026-03-15,['Cough'],False,Unknown,Facility-D,['Negative']
Patient/2547,2026-03-15,['Cough'],False,Unknown,Facility-E,['Negative']
Patient/2550,2026-03-15,['Cough'],False,Unknown,Facility-E,['Negative']
Patient/2553,2026-03-16,['Fever'],True,Unknown,Facility-F,['Negative']
Patient/2558,2026-03-17,"['Fever', 'Cough']",True,Unknown,Facility-F,['COVID-like']
Patient/2564,2026-03-18,['Cough'],False,Unknown,Facility-A,['Negative']
Patient/2571,2026-03-19,['Fever'],True,Unknown,Facility-F,['Negative']
Patient/2574,2026-03-20,['Cough'],False,Unknown,Facility-F,['Negative']
Patient/2577,2026-03-21,['Cough'],False,Unknown,Facility-A,['Negative']
Patient/2580,2026-03-21,['Fever'],True,Unknown,Facility-B,['Negative']
Patient/2582,2026-03-21,['Cough'],False,Unknown,Facility-A,['Negative']
Patient/2584,2026-03-21,['Cough'],False,Unknown,Facility-A,['Negative']
Patient/2590,2026-03-23,['Fever'],True,Unknown,Facility-B,['Negative']
Patient/2592,2026-03-23,['Cough'],False,Unknown,Facility-E,['Negative']
Patient/2595,2026-03-23,['Cough'],False,Unknown,Facility-C,['Negative']
Patient/2597,2026-03-23,['Fever'],True,Unknown,Facility-C,['Negative']
Patient/2600,2026-03-24,['Fever'],True,Unknown,Facility-F,['Negative']
Patient/2604,2026-03-25,['Cough'],False,Unknown,Facility-B,['Negative']
Patient/2609,2026-03-26,"['Fever', 'Cough']",True,Unknown,Facility-D,['COVID-like']
Patient/2613,2026-03-26,['Fever'],True,Unknown,Facility-D,['Negative']
Patient/2618,2026-03-28,['Fever'],True,Unknown,Facility-A,['Negative']
Patient/2623,2026-03-28,['Cough'],False,Unknown,Facility-C,['Negative']
Patient/2627,2026-03-29,"['Fever', 'Cough']",True,Unknown,Facility-B,['COVID-like']
Patient/2633,2026-03-30,['Fever'],True,Unknown,Facility-E,['Negative']
Patient/2636,2026-03-31,['Cough'],False,Unknown,Facility-E,['Negative']
Patient/2638,2026-03-31,['Cough'],False,Unknown,Facility-A,['Negative']
Patient/2640,2026-03-31,['Fever'],True,Unknown,Facility-A,['Negative']
Patient/2642,2026-04-01,['Fever'],True,Unknown,Facility-A,['Negative']
Patient/2648,2026-04-02,['Fever'],True,Unknown,Facility-C,['Negative']
Patient/2650,2026-04-02,['Cough'],False,Unknown,Facility-B,['Negative']
Patient/2652,2026-04-03,['Cough'],False,Unknown,Facility-F,['Negative']
Patient/2654,2026-04-03,"['Fever', 'Cough']",True,Unknown,Facility-F,['COVID-like']
Patient/2662,2026-04-04,['Cough'],False,Unknown,Facility-C,['Negative']
Patient/2667,2026-04-05,['Fever'],True,Unknown,Facility-C,['Negative']
Patient/2669,2026-04-06,"['Fever', 'Cough']",True,Unknown,Facility-A,['COVID-like']
Patient/2673,2026-04-06,['Cough'],False,Unknown,Facility-D,['Negative']
Patient/2675,2026-04-06,"['Fever', 'Cough']",True,Unknown,Facility-B,['COVID-like']
Patient/2679,2026-04-07,['Fever'],True,Unknown,Facility-D,['Negative']
Patient/2681,2026-04-07,['Cough'],False,Unknown,Facility-E,['Negative']
Patient/2685,2026-04-08,['Cough'],False,Unknown,Facility-C,['Negative']
Patient/2689,2026-04-09,['Cough'],False,Unknown,Facility-A,['Negative']
Patient/2691,2026-04-09,['Fever'],True,Unknown,Facility-F,['Negative']
Patient/2693,2026-04-09,['Fever'],True,Unknown,Facility-D,['Negative']
Patient/2695,2026-04-09,['Cough'],False,Unknown,Facility-B,['Negative']
Patient/2698,2026-04-10,['Cough'],False,Unknown,Facility-B,['Negative']
Patient/2700,2026-04-10,['Cough'],False,Unknown,Facility-C,['Negative']
Patient/2702,2026-04-10,['Fever'],True,Unknown,Facility-E,['Negative']
Patient/2705,2026-04-11,['Fever'],True,Unknown,Facility-A,['Negative']
Patient/2708,2026-04-11,"['Fever', 'Cough']",True,Unknown,Facility-B,['COVID-like']
Patient/2713,2026-04-12,['Fever'],True,Unknown,Facility-A,['Negative']
Patient/2716,2026-04-13,['Cough'],False,Unknown,Facility-E,['Negative']
Patient/2719,2026-04-13,['Cough'],False,Unknown,Facility-E,['Negative']
Patient/2721,2026-04-13,['Fever'],True,Unknown,Facility-A,['Negative']
Patient/2730,2026-04-16,"['Fever', 'Cough']",True,Unknown,Facility-A,['COVID-like']
Patient/2734,2026-04-16,['Fever'],True,Unknown,Facility-D,['Negative']
Patient/2746,2026-04-19,['Fever'],True,Unknown,Facility-F,['Negative']
Patient/2753,2026-04-21,['Cough'],False,Unknown,Facility-F,['Negative']
Patient/2755,2026-04-21,"['Fever', 'Cough']",True,Unknown,Facility-C,['COVID-like']
Patient/2762,2026-04-22,['Cough'],False,Unknown,Facility-D,['Negative']
Patient/2764,2026-04-23,['Cough'],False,Unknown,Facility-C,['Negative']
Patient/2772,2026-04-24,"['Fever', 'Cough']",True,Unknown,Facility-E,['COVID-like']
Patient/2779,2026-04-25,['Fever'],True,Unknown,Facility-C,['Negative']
Patient/2782,2026-04-26,['Cough'],False,Unknown,Facility-C,['Negative']
Patient/2787,2026-04-27,['Cough'],False,Unknown,Facility-D,['Negative']
Patient/2789,2026-04-27,['Fever'],True,Unknown,Facility-E,['Negative']
Patient/2791,2026-04-27,['Cough'],False,Unknown,Facility-C,['Negative']
Patient/2793,2026-04-27,"['Fever', 'Cough']",True,Unknown,Facility-A,['COVID-like']
Patient/2797,2026-04-28,"['Fever', 'Cough']",True,Unknown,Facility-E,['COVID-like']
Patient/2801,2026-04-28,['Fever'],True,Unknown,Facility-A,['Negative']
Patient/2803,2026-04-28,['Cough'],False,Unknown,Facility-F,['Negative']
Patient/2807,2026-04-29,['Cough'],False,Unknown,Facility-E,['Negative']
Patient/2809,2026-04-29,"['Fever', 'Cough']",True,Unknown,Facility-C,['COVID-like']
Patient/2813,2026-04-29,['Cough'],False,Unknown,Facility-B,['Negative']
Patient/2815,2026-04-29,['Fever'],True,Unknown,Facility-B,['Negative']
Patient/2818,2026-04-30,['Cough'],False,Unknown,Facility-E,['Negative']
Patient/2822,2026-04-30,"['Fever', 'Cough']",True,Unknown,Facility-E,['COVID-like']
Patient/2828,2026-05-01,['Cough'],False,Unknown,Facility-B,['Negative']
Patient/2833,2026-05-02,"['Fever', 'Cough']",True,Unknown,Facility-E,['COVID-like']
Patient/2837,2026-05-02,['Cough'],False,Unknown,Facility-B,['Negative']
Patient/2839,2026-05-02,['Fever'],True,Unknown,Facility-E,['Negative']
Patient/2841,2026-05-03,['Fever'],True,Unknown,Facility-D,['Negative']
Patient/2843,2026-05-03,['Cough'],False,Unknown,Facility-B,['Negative']
Patient/2845,2026-05-03,['Fever'],True,Unknown,Facility-F,['Negative']
Patient/2852,2026-05-05,['Cough'],False,Unknown,Facility-A,['Negative']
Patient/2859,2026-05-07,['Cough'],False,Unknown,Facility-D,['Negative']
Patient/2862,2026-05-08,['Cough'],False,Unknown,Facility-C,['Negative']
Patient/2864,2026-05-08,['Cough'],False,Unknown,Facility-A,['Negative']
Patient/2867,2026-05-08,['Cough'],False,Unknown,Facility-D,['Negative']
Patient/2871,2026-05-09,['Cough'],False,Unknown,Facility-A,['Negative']
Patient/2874,2026-05-10,['Cough'],False,Unknown,Facility-C,['Negative']
Patient/2877,2026-05-10,['Fever'],True,Unknown,Facility-F,['Negative']
Patient/2879,2026-05-10,['Fever'],True,Unknown,Facility-D,['Negative']
Patient/2881,2026-05-10,['Cough'],False,Unknown,Facility-A,['Negative']
Patient/2884,2026-05-11,['Cough'],False,Unknown,Facility-E,['Negative']
Patient/2886,2026-05-11,['Fever'],True,Unknown,Facility-A,['Negative']
Patient/2891,2026-05-13,['Fever'],True,Unknown,Facility-B,['Negative']
Patient/2897,2026-05-15,['Cough'],False,Unknown,Facility-D,['Negative']
Patient/2912,2026-05-18,['Cough'],False,Unknown,Facility-D,['Negative']
Patient/2914,2026-05-18,['Fever'],True,Unknown,Facility-E,['Negative']
Patient/2916,2026-05-18,['Cough'],False,Unknown,Facility-B,['Negative']
Patient/2918,2026-05-19,['Fever'],True,Unknown,Facility-A,['Negative']
Patient/2924,2026-05-20,['Cough'],False,Unknown,Facility-B,['Negative']
Patient/2928,2026-05-21,"['Fever', 'Cough']",True,Unknown,Facility-C,['COVID-like']
Patient/2932,2026-05-21,"['Fever', 'Cough']",True,Unknown,Facility-A,['COVID-like']
Patient/2936,2026-05-21,"['Fever', 'Cough']",True,Unknown,Facility-E,['COVID-like']
Patient/2940,2026-05-21,"['Fever', 'Cough']",True,Unknown,Facility-B,['COVID-like']
Patient/2944,2026-05-21,"['Fever', 'Cough']",True,Unknown,Facility-E,['COVID-like']
Patient/2948,2026-05-21,"['Fever', 'Cough']",True,Unknown,Facility-E,['COVID-like']
Patient/2952,2026-05-21,"['Fever', 'Cough']",True,Unknown,Facility-B,['COVID-like']
Patient/2956,2026-05-21,"['Fever', 'Cough']",True,Unknown,Facility-E,['COVID-like']
Patient/2960,2026-05-21,"['Fever', 'Cough']",True,Unknown,Facility-B,['COVID-like']
Patient/2964,2026-05-21,"['Fever', 'Cough']",True,Unknown,Facility-D,['COVID-like']
Patient/2968,2026-05-21,"['Fever', 'Cough']",True,Unknown,Facility-E,['COVID-like']
Patient/2972,2026-05-21,"['Fever', 'Cough']",True,Unknown,Facility-F,['COVID-like']
Patient/2976,2026-05-21,"['Fever', 'Cough']",True,Unknown,Facility-C,['COVID-like']
Patient/2980,2026-05-21,"['Fever', 'Cough']",True,Unknown,Facility-A,['COVID-like']
Patient/2984,2026-05-21,"['Fever', 'Cough']",True,Unknown,Facility-B,['COVID-like']
Patient/2988,2026-05-21,"['Fever', 'Cough']",True,Unknown,Facility-B,['COVID-like']
Patient/2992,2026-05-21,"['Fever', 'Cough']",True,Unknown,Facility-E,['COVID-like']
Patient/2996,2026-05-21,"['Fever', 'Cough']",True,Unknown,Facility-B,['COVID-like']
Patient/3000,2026-05-21,"['Fever', 'Cough']",True,Unknown,Facility-A,['COVID-like']
Patient/3004,2026-05-21,"['Fever', 'Cough']",True,Unknown,Facility-D,['COVID-like']
Patient/3008,2026-05-21,"['Fever', 'Cough']",True,Unknown,Facility-D,['COVID-like']
Patient/3012,2026-05-21,"['Fever', 'Cough']",True,Unknown,Facility-C,['COVID-like']
Patient/3016,2026-05-22,"['Fever', 'Cough']",True,Unknown,Facility-D,['COVID-like']
Patient/3020,2026-05-22,"['Fever', 'Cough']",True,Unknown,Facility-E,['COVID-like']
Patient/3024,2026-05-22,"['Fever', 'Cough']",True,Unknown,Facility-B,['COVID-like']
Patient/3028,2026-05-22,"['Fever', 'Cough']",True,Unknown,Facility-F,['COVID-like']
Patient/3032,2026-05-22,"['Fever', 'Cough']",True,Unknown,Facility-E,['COVID-like']
Patient/3036,2026-05-22,"['Fever', 'Cough']",True,Unknown,Facility-A,['COVID-like']
Patient/3040,2026-05-22,"['Fever', 'Cough']",True,Unknown,Facility-B,['COVID-like']
Patient/3044,2026-05-22,"['Fever', 'Cough']",True,Unknown,Facility-B,['COVID-like']
Patient/3048,2026-05-22,"['Fever', 'Cough']",True,Unknown,Facility-E,['COVID-like']
Patient/3052,2026-05-22,"['Fever', 'Cough']",True,Unknown,Facility-B,['COVID-like']
Patient/3056,2026-05-22,"['Fever', 'Cough']",True,Unknown,Facility-E,['COVID-like']
Patient/3060,2026-05-22,"['Fever', 'Cough']",True,Unknown,Facility-D,['COVID-like']
Patient/3064,2026-05-22,"['Fever', 'Cough']",True,Unknown,Facility-D,['COVID-like']
Patient/3068,2026-05-22,"['Fever', 'Cough']",True,Unknown,Facility-A,['COVID-like']
Patient/3072,2026-05-22,"['Fever', 'Cough']",True,Unknown,Facility-D,['COVID-like']
Patient/3076,2026-05-22,"['Fever', 'Cough']",True,Unknown,Facility-D,['COVID-like']
Patient/3080,2026-05-22,"['Fever', 'Cough']",True,Unknown,Facility-C,['COVID-like']
Patient/3084,2026-05-23,"['Fever', 'Cough']",True,Unknown,Facility-E,['COVID-like']
Patient/3088,2026-05-23,"['Fever', 'Cough']",True,Unknown,Facility-B,['COVID-like']
Patient/3092,2026-05-23,"['Fever', 'Cough']",True,Unknown,Facility-C,['COVID-like']
Patient/3096,2026-05-23,"['Fever', 'Cough']",True,Unknown,Facility-F,['COVID-like']
Patient/3100,2026-05-23,"['Fever', 'Cough']",True,Unknown,Facility-F,['COVID-like']
Patient/3104,2026-05-23,"['Fever', 'Cough']",True,Unknown,Facility-F,['COVID-like']
Patient/3108,2026-05-23,"['Fever', 'Cough']",True,Unknown,Facility-C,['COVID-like']
Patient/3112,2026-05-23,"['Fever', 'Cough']",True,Unknown,Facility-C,['COVID-like']
Patient/3116,2026-05-23,"['Fever', 'Cough']",True,Unknown,Facility-D,['COVID-like']
Patient/3120,2026-05-23,"['Fever', 'Cough']",True,Unknown,Facility-F,['COVID-like']
Patient/3124,2026-05-23,"['Fever', 'Cough']",True,Unknown,Facility-F,['COVID-like']
Patient/3128,2026-05-23,"['Fever', 'Cough']",True,Unknown,Facility-F,['COVID-like']
Patient/3132,2026-05-23,"['Fever', 'Cough']",True,Unknown,Facility-A,['COVID-like']
Patient/3136,2026-05-23,"['Fever', 'Cough']",True,Unknown,Facility-B,['COVID-like']
Patient/3140,2026-05-23,"['Fever', 'Cough']",True,Unknown,Facility-D,['COVID-like']
Patient/3144,2026-05-23,"['Fever', 'Cough']",True,Unknown,Facility-D,['COVID-like']
Patient/3148,2026-05-23,"['Fever', 'Cough']",True,Unknown,Facility-C,['COVID-like']
Patient/3152,2026-05-23,"['Fever', 'Cough']",True,Unknown,Facility-C,['COVID-like']
Patient/3156,2026-05-23,"['Fever', 'Cough']",True,Unknown,Facility-A,['COVID-like']
Patient/3160,2026-05-23,"['Fever', 'Cough']",True,Unknown,Facility-B,['COVID-like']
Patient/3164,2026-05-23,"['Fever', 'Cough']",True,Unknown,Facility-E,['COVID-like']
Patient/3168,2026-05-23,"['Fever', 'Cough']",True,Unknown,Facility-E,['COVID-like']
Patient/3172,2026-05-23,"['Fever', 'Cough']",True,Unknown,Facility-D,['COVID-like']
Patient/3176,2026-05-23,"['Fever', 'Cough']",True,Unknown,Facility-D,['COVID-like']
Patient/3180,2026-05-23,"['Fever', 'Cough']",True,Unknown,Facility-F,['COVID-like']
